,,,,,,,,,,,,,,,,,,,,,,,,,,,,,,,,,,,,,,,,,,,,,,,,,,,,,,,,,,,,,,,,,,,,,,,,,,,,,,,,,,,,,,,,,,,,,,,,,,,,,,,,,,,,,,
adidas AG | Income Statement,,,,,,,,,,,,,,,,,,,,,,,,,,,,,,,,,,,,,,,,,,,,,,,,,,,,,,,,,,,,,,,,,,,,,,,,,,,,,,,,,,,,,,,,,,,,,,,,,,,,,,,,,,,,,,
XTRA:ADS (MI KEY: 4910220; SPCIQ KEY: 92816),,,,,,,,,,,,,,,,,,,,,,,,,,,,,,,,,,,,,,,,,,,,,,,,,,,,,,,,,,,,,,,,,,,,,,,,,,,,,,,,,,,,,,,,,,,,,,,,,,,,,,,,,,,,,,
,,,,,,,,,,,,,,,,,,,,,,,,,,,,,,,,,,,,,,,,,,,,,,,,,,,,,,,,,,,,,,,,,,,,,,,,,,,,,,,,,,,,,,,,,,,,,,,,,,,,,,,,,,,,,,
Source: Recommended,,,,,,,,,,,,,,,,,,,,,,,,,,,,,,,,,,,,,,,,,,,,,,,,,,,,,,,,,,,,,,,,,,,,,,,,,,,,,,,,,,,,,,,,,,,,,,,,,,,,,,,,,,,,,,
Periods: Custom,,,,,,,,,,,,,,,,,,,,,,,,,,,,,,,,,,,,,,,,,,,,,,,,,,,,,,,,,,,,,,,,,,,,,,,,,,,,,,,,,,,,,,,,,,,,,,,,,,,,,,,,,,,,,,
Magnitude: Thousands (K),,,,,,,,,,,,,,,,,,,,,,,,,,,,,,,,,,,,,,,,,,,,,,,,,,,,,,,,,,,,,,,,,,,,,,,,,,,,,,,,,,,,,,,,,,,,,,,,,,,,,,,,,,,,,,
Native Currency:,,,,,,,,,,,,,,,,,,,,,,,,,,,,,,,,,,,,,,,,,,,,,,,,,,,,,,,,,,,,,,,,,,,,,,,,,,,,,,,,,,,,,,,,,,,,,,,,,,,,,,,,,,,,,,
Current Currency: USD,,,,,,,,,,,,,,,,,,,,,,,,,,,,,,,,,,,,,,,,,,,,,,,,,,,,,,,,,,,,,,,,,,,,,,,,,,,,,,,,,,,,,,,,,,,,,,,,,,,,,,,,,,,,,,
,,,,,,,,,,,,,,,,,,,,,,,,,,,,,,,,,,,,,,,,,,,,,,,,,,,,,,,,,,,,,,,,,,,,,,,,,,,,,,,,,,,,,,,,,,,,,,,,,,,,,,,,,,,,,,
Recommended: S&P Capital IQ - Standard,1994 FQ1,1994 FQ2,1994 FQ3,1994 FQ4,1995 FQ1,1995 FQ2,1995 FQ3,1995 FQ4,1996 FQ1,1996 FQ2,1996 FQ3,1996 FQ4,1997 FQ1,1997 FQ2,1997 FQ3,1997 FQ4,1998 FQ1,1998 FQ2,1998 FQ3,1998 FQ4,1999 FQ1,1999 FQ2,1999 FQ3,1999 FQ4,2000 FQ1,2000 FQ2,2000 FQ3,2000 FQ4,2001 FQ1,2001 FQ2,2001 FQ3,2001 FQ4,2002 FQ1,2002 FQ2,2002 FQ3,2002 FQ4,2003 FQ1,2003 FQ2,2003 FQ3,2003 FQ4,2004 FQ1,2004 FQ2,2004 FQ3,2004 FQ4,2005 FQ1,2005 FQ2,2005 FQ3,2005 FQ4,2006 FQ1,2006 FQ2,2006 FQ3,2006 FQ4,2007 FQ1,2007 FQ2,2007 FQ3,2007 FQ4,2008 FQ1,2008 FQ2,2008 FQ3,2008 FQ4,2009 FQ1,2009 FQ2,2009 FQ3,2009 FQ4,2010 FQ1,2010 FQ2,2010 FQ3,2010 FQ4,2011 FQ1,2011 FQ2,2011 FQ3,2011 FQ4,2012 FQ1,2012 FQ2,2012 FQ3,2012 FQ4,2013 FQ1,2013 FQ2,2013 FQ3,2013 FQ4,2014 FQ1,2014 FQ2,2014 FQ3,2014 FQ4,2015 FQ1,2015 FQ2,2015 FQ3,2015 FQ4,2016 FQ1,2016 FQ2,2016 FQ3,2016 FQ4,2017 FQ1,2017 FQ2,2017 FQ3,2017 FQ4,2018 FQ1,2018 FQ2,2018 FQ3,2018 FQ4,2019 FQ1,2019 FQ2,2019 FQ3,2019 FQ4,2020 FQ1,2020 FQ2,2020 FQ3,2020 FQ4,2021 FQ1,2021 FQ2
 ,Current/Restated,Current/Restated,Current/Restated,Current/Restated,Current/Restated,Current/Restated,Current/Restated,Current/Restated,Current/Restated,Current/Restated,Current/Restated,Current/Restated,Current/Restated,Current/Restated,Current/Restated,Current/Restated,Current/Restated,Current/Restated,Current/Restated,Current/Restated,Current/Restated,Current/Restated,Current/Restated,Current/Restated,Current/Restated,Current/Restated,Current/Restated,Current/Restated,Current/Restated,Current/Restated,Current/Restated,Current/Restated,Current/Restated,Current/Restated,Current/Restated,Current/Restated,Current/Restated,Current/Restated,Current/Restated,Current/Restated,Current/Restated,Current/Restated,Current/Restated,Current/Restated,Current/Restated,Current/Restated,Current/Restated,Current/Restated,Current/Restated,Current/Restated,Current/Restated,Current/Restated,Current/Restated,Current/Restated,Current/Restated,Current/Restated,Current/Restated,Current/Restated,Current/Restated,Current/Restated,Current/Restated,Current/Restated,Current/Restated,Current/Restated,Current/Restated,Current/Restated,Current/Restated,Current/Restated,Current/Restated,Current/Restated,Current/Restated,Current/Restated,Current/Restated,Current/Restated,Current/Restated,Current/Restated,Current/Restated,Current/Restated,Current/Restated,Current/Restated,Current/Restated,Current/Restated,Current/Restated,Current/Restated,Current/Restated,Current/Restated,Current/Restated,Current/Restated,Current/Restated,Current/Restated,Current/Restated,Current/Restated,Current/Restated,Current/Restated,Current/Restated,Current/Restated,Current/Restated,Current/Restated,Current/Restated,Current/Restated,Current/Restated,Current/Restated,Current/Restated,Current/Restated,Current/Restated,Current/Restated,Current/Restated,Current/Restated,Current/Restated,Current/Restated
Period Ended,NA,NA,NA,NA,NA,NA,NA,NA,NA,NA,NA,NA,NA,NA,NA,NA,1998-03-31,1998-06-30,1998-09-30,1998-12-31,1999-03-31,1999-06-30,1999-09-30,1999-12-31,2000-03-31,2000-06-30,2000-09-30,2000-12-31,2001-03-31,2001-06-30,2001-09-30,2001-12-31,2002-03-31,2002-06-30,2002-09-30,2002-12-31,2003-03-31,2003-06-30,2003-09-30,2003-12-31,2004-03-31,2004-06-30,2004-09-30,2004-12-31,2005-03-31,2005-06-30,2005-09-30,2005-12-31,2006-03-31,2006-06-30,2006-09-30,2006-12-31,2007-03-31,2007-06-30,2007-09-30,2007-12-31,2008-03-31,2008-06-30,2008-09-30,2008-12-31,2009-03-31,2009-06-30,2009-09-30,2009-12-31,2010-03-31,2010-06-30,2010-09-30,2010-12-31,2011-03-31,2011-06-30,2011-09-30,2011-12-31,2012-03-31,2012-06-30,2012-09-30,2012-12-31,2013-03-31,2013-06-30,2013-09-30,2013-12-31,2014-03-31,2014-06-30,2014-09-30,2014-12-31,2015-03-31,2015-06-30,2015-09-30,2015-12-31,2016-03-31,2016-06-30,2016-09-30,2016-12-31,2017-03-31,2017-06-30,2017-09-30,2017-12-31,2018-03-31,2018-06-30,2018-09-30,2018-12-31,2019-03-31,2019-06-30,2019-09-30,2019-12-31,2020-03-31,2020-06-30,2020-09-30,2020-12-31,2021-03-31,2021-06-30
Financial Filing Date,NA,NA,NA,NA,NA,NA,NA,NA,NA,NA,NA,NA,NA,NA,NA,NA,1999-07-12,1999-07-12,1999-10-30,2000-02-21,2000-04-10,2000-07-30,2000-10-30,2001-02-18,2001-04-10,2001-07-10,2001-10-10,2002-02-18,2002-05-02,2002-08-02,2002-11-06,2003-02-14,2003-04-30,2003-09-26,2003-11-04,2004-02-18,2004-05-04,2004-08-04,2004-11-02,2005-03-03,2005-08-03,2005-08-03,2005-11-03,2006-03-01,2006-05-16,2006-08-09,2006-11-09,2007-03-08,2007-05-08,2007-08-08,2007-11-08,2008-03-07,2008-05-06,2008-08-05,2008-11-10,2009-02-16,2009-05-06,2009-08-06,2009-11-05,2010-03-04,2010-05-04,2010-08-04,2010-10-29,2011-02-15,2011-05-05,2011-08-01,2011-11-03,2012-03-08,2012-05-03,2012-08-02,2012-11-08,2013-03-07,2013-05-03,2013-08-08,2013-11-07,2014-03-05,2014-05-06,2014-08-07,2014-11-06,2015-03-05,2015-05-05,2015-08-08,2015-11-05,2016-03-03,2016-05-04,2016-08-04,2016-11-03,2017-03-08,2017-08-03,2017-08-03,2017-11-09,2018-03-14,2018-05-03,2018-08-09,2018-11-07,2019-03-13,2019-05-03,2019-08-08,2019-11-06,2020-03-11,2020-04-27,2020-08-06,2020-11-10,2021-03-10,2021-05-08,2021-08-05,2021-08-05,,2021-05-08,2021-08-05
Spot Exchange Rate,NA,NA,NA,NA,NA,NA,NA,NA,NA,NA,NA,NA,NA,NA,NA,NA,NA,NA,NA,NA,1.079500,1.031270,1.064980,1.002300,0.956870,0.958580,0.882420,0.938840,0.884030,0.846560,0.910700,0.890370,0.872380,0.987620,0.988240,1.049340,1.091190,1.148320,1.164540,1.261330,1.228870,1.216660,1.242010,1.359220,1.299630,1.210620,1.205640,1.179570,1.210130,1.278630,1.266750,1.318650,1.331120,1.350570,1.422130,1.462060,1.584540,1.575540,1.404600,1.390000,1.327720,1.402640,1.461660,1.434780,1.353100,1.224900,1.365200,1.341382,1.419245,1.449696,1.342642,1.298701,1.332268,1.268714,1.286505,1.318739,1.281558,1.299545,1.353730,1.377790,1.378360,1.368738,1.263105,1.210507,1.073422,1.112471,1.116071,1.086130,1.139341,1.109878,1.124101,1.054630,1.069976,1.140901,1.182313,1.200768,1.231982,1.166725,1.161845,1.144951,1.122334,1.137915,1.090394,1.122209,1.098901,1.125366,1.174260,,1.173709,1.185677
Average Exchange Rate,NA,NA,NA,NA,NA,NA,NA,NA,NA,NA,NA,NA,NA,NA,NA,NA,NA,NA,NA,NA,1.121017,1.056422,1.049045,1.036833,0.986395,0.933363,0.905455,0.868631,0.922507,0.872928,0.889638,0.895478,0.876986,0.918719,0.983934,1.000483,1.073450,1.136799,1.126808,1.191119,1.250002,1.204851,1.222550,1.298140,1.311032,1.258870,1.219202,1.188563,1.202898,1.258481,1.274154,1.289365,1.310492,1.348620,1.374636,1.448110,1.499058,1.562320,1.504467,1.319157,1.303398,1.362819,1.430116,1.477341,1.382742,1.272868,1.292845,1.357560,1.369149,1.439578,1.412120,1.347295,1.310900,1.283035,1.250831,1.297393,1.320053,1.305723,1.324438,1.361409,1.370335,1.371462,1.325496,1.248719,1.126887,1.106567,1.111629,1.095102,1.102571,1.129232,1.116165,1.077748,1.065605,1.101298,1.174938,1.177619,1.228672,1.191613,1.163041,1.141147,1.135829,1.123667,1.112035,1.107280,1.102228,1.101566,1.169259,1.216292,1.204902,1.205255
 ,,,,,,,,,,,,,,,,,,,,,,,,,,,,,,,,,,,,,,,,,,,,,,,,,,,,,,,,,,,,,,,,,,,,,,,,,,,,,,,,,,,,,,,,,,,,,,,,,,,,,,,,,,,,,,
($000),,,,,,,,,,,,,,,,,,,,,,,,,,,,,,,,,,,,,,,,,,,,,,,,,,,,,,,,,,,,,,,,,,,,,,,,,,,,,,,,,,,,,,,,,,,,,,,,,,,,,,,,,,,,,,
Revenue,NA,NA,NA,NA,NA,NA,NA,NA,NA,NA,NA,NA,NA,NA,NA,NA,NA,NA,NA,NA,"1,558,214","1,261,368","1,652,246","1,238,963","1,496,361","1,164,837","1,518,449","1,209,834","1,437,266","1,194,165","1,592,452","1,249,503","1,436,503","1,384,509","1,837,989","1,512,149","1,791,589","1,582,425","2,087,975","1,612,536","1,881,253","1,687,997","2,149,244","1,552,586","2,194,668","1,908,446","2,345,745","1,807,804","2,957,927","3,055,591","3,757,481","2,898,491","3,326,028","3,236,689","4,042,806","3,504,427","3,929,031","3,938,609","4,638,271","3,395,510","3,358,856","3,348,447","4,130,176","3,631,304","3,697,451","3,712,955","4,483,587","3,979,008","4,481,226","4,410,869","5,286,979","4,366,584","5,012,880","4,512,433","5,219,718","4,370,915","4,951,518","4,417,260","5,137,496","4,736,343","4,768,766","4,662,969","5,360,305","4,507,877","4,601,081","4,323,356","5,289,129","4,563,289","5,029,927","4,741,645","5,828,614","4,849,865","5,804,352","5,548,340","6,670,121","5,954,042","6,816,671","6,269,075","6,830,537","5,971,620","6,682,081","6,190,280","7,128,146","6,464,299","4,828,860","3,692,450","6,973,458","6,511,538","6,347,426","6,119,082"
        Total Revenue,NA,NA,NA,NA,NA,NA,NA,NA,NA,NA,NA,NA,NA,NA,NA,NA,NA,NA,NA,NA,"1,558,214","1,261,368","1,652,246","1,238,963","1,496,361","1,164,837","1,518,449","1,209,834","1,437,266","1,194,165","1,592,452","1,249,503","1,436,503","1,384,509","1,837,989","1,512,149","1,791,589","1,582,425","2,087,975","1,612,536","1,881,253","1,687,997","2,149,244","1,552,586","2,194,668","1,908,446","2,345,745","1,807,804","2,957,927","3,055,591","3,757,481","2,898,491","3,326,028","3,236,689","4,042,806","3,504,427","3,929,031","3,938,609","4,638,271","3,395,510","3,358,856","3,348,447","4,130,176","3,631,304","3,697,451","3,712,955","4,483,587","3,979,008","4,481,226","4,410,869","5,286,979","4,366,584","5,012,880","4,512,433","5,219,718","4,370,915","4,951,518","4,417,260","5,137,496","4,736,343","4,768,766","4,662,969","5,360,305","4,507,877","4,601,081","4,323,356","5,289,129","4,563,289","5,029,927","4,741,645","5,828,614","4,849,865","5,804,352","5,548,340","6,670,121","5,954,042","6,816,671","6,269,075","6,830,537","5,971,620","6,682,081","6,190,280","7,128,146","6,464,299","4,828,860","3,692,450","6,973,458","6,511,538","6,347,426","6,119,082"
Cost Of Goods Sold,NA,NA,NA,NA,NA,NA,NA,NA,NA,NA,NA,NA,NA,NA,NA,NA,NA,NA,NA,NA,"893,451","678,223","938,895","693,520","868,028","639,353","858,372","689,594","838,559","654,696","923,444","729,066","836,645","764,374","1,033,131","869,689","1,030,512","874,199","1,147,090","841,087","997,502","860,264","1,110,076","813,423","1,139,287","974,365","1,207,010","957,982","1,626,318","1,691,398","2,066,678","1,638,782","1,769,164","1,701,959","2,078,450","1,872,406","1,998,244","1,965,399","2,365,022","1,820,437","1,843,004","1,842,532","2,261,014","1,953,045","1,899,887","1,896,573","2,362,028","2,130,011","2,308,386","2,242,863","2,798,823","2,380,671","2,619,177","2,335,123","2,745,574","2,291,195","2,468,499","2,205,366","2,603,846","2,487,295","2,424,123","2,368,514","2,818,004","2,483,703","2,337,164","2,233,052","2,727,937","2,411,414","2,505,040","2,400,747","3,027,039","2,449,721","2,924,021","2,767,562","3,306,274","2,876,923","3,333,386","2,989,757","3,290,242","2,854,008","3,103,084","2,881,081","3,415,060","3,299,694","2,428,208","1,796,655","3,485,560","3,340,054","3,058,042","2,948,055"
        Gross Profit,NA,NA,NA,NA,NA,NA,NA,NA,NA,NA,NA,NA,NA,NA,NA,NA,NA,NA,NA,NA,"664,763","583,145","713,351","545,443","628,334","525,483","660,077","520,240","598,707","539,469","669,008","520,437","599,858","620,135","804,858","642,460","761,076","708,226","940,884","771,449","883,751","827,733","1,039,168","739,164","1,055,381","934,081","1,138,735","849,822","1,331,608","1,364,193","1,690,803","1,259,709","1,556,864","1,534,730","1,964,355","1,632,020","1,930,787","1,973,210","2,273,249","1,575,073","1,515,852","1,505,915","1,869,162","1,678,259","1,797,564","1,816,382","2,121,559","1,848,996","2,172,840","2,168,005","2,488,156","1,985,913","2,393,703","2,177,310","2,474,144","2,079,720","2,483,019","2,211,894","2,533,651","2,249,048","2,344,643","2,294,455","2,542,301","2,024,174","2,263,917","2,090,304","2,561,193","2,151,875","2,524,887","2,340,898","2,801,574","2,400,144","2,880,331","2,780,778","3,363,846","3,077,118","3,483,284","3,279,318","3,540,295","3,117,613","3,578,997","3,309,198","3,713,086","3,164,606","2,400,652","1,895,796","3,487,898","3,171,484","3,289,383","3,171,027"
 ,,,,,,,,,,,,,,,,,,,,,,,,,,,,,,,,,,,,,,,,,,,,,,,,,,,,,,,,,,,,,,,,,,,,,,,,,,,,,,,,,,,,,,,,,,,,,,,,,,,,,,,,,,,,,,
Selling General & Admin Exp.,NA,NA,NA,NA,NA,NA,NA,NA,NA,NA,NA,NA,NA,NA,NA,NA,NA,NA,NA,NA,"511,184","483,841","442,697","488,613","499,116","456,414","448,200","453,704","466,789","457,414","453,715","445,473","493,743","534,694","543,132","548,648","608,646","612,735","608,476","693,392","657,501","655,439","671,180","677,533","769,576","726,368","738,837","(2,103,756)",NA,NA,NA,"2,052,668",NA,NA,NA,"2,469,028",NA,NA,NA,"1,989,289","341,490",NA,NA,"927,770","374,723",NA,NA,"988,303","465,511",NA,NA,"1,029,334","458,815",NA,NA,"779,733","479,179",NA,NA,"743,329","168,551",NA,NA,"6,621,959",NA,NA,NA,"7,325,135",NA,NA,NA,"7,774,872","2,261,214",NA,"2,502,617","2,679,083","2,614,613","2,632,273","2,548,222","2,851,725","2,631,715","2,636,122","2,764,520","2,814,705","2,365,381","2,213,047","2,599,262","2,946,886","2,466,435","2,540,678"
Provision for Bad Debts,,,,,,,,,,,,,,,,,,,,,,,,,,,,,,,,,,,,,,,,,,,,,,,,,,,,,,,,,,,,,,,,,,,,,,,,,,,,NA,NA,NA,NA,NA,NA,NA,NA,NA,NA,NA,NA,NA,NA,NA,NA,NA,NA,NA,NA,"43,572",NA,NA,NA,NA,NA,NA,NA,"19,931",NA,NA,NA,,NA,NA
R & D Exp.,,,,,,,,,,,,,,,,,,,,,,,,,,,,,,,,,,,,,,,,,,,,,,,,,,,,,,,,,,,,,,,,,,,,,,,,,,,,NA,NA,NA,NA,NA,NA,NA,NA,"157,339",NA,NA,NA,"152,219",NA,NA,NA,"160,584",NA,NA,NA,NA,NA,NA,NA,NA,NA,NA,NA,NA,NA,NA,NA,,NA,NA
Depreciation & Amort.,NA,NA,NA,NA,NA,NA,NA,NA,NA,NA,NA,NA,NA,NA,NA,NA,NA,NA,NA,NA,"14,573","16,903","15,736","21,010","16,769","17,734","18,109","20,684","17,528","18,331","18,682","25,935","20,171","21,131","22,630","27,160","26,836","26,146","28,170","28,014","27,500","26,507","28,119","37,314","31,465","31,472","30,480","(86,765)",NA,NA,NA,NA,NA,NA,NA,NA,NA,NA,NA,NA,NA,NA,NA,NA,NA,NA,NA,NA,NA,NA,NA,NA,NA,NA,,,,,,,,,,,,,,,,,,,,,,,,,,,,,,,,,,,,
Amort. of Goodwill and Intangibles,NA,NA,NA,NA,NA,NA,NA,NA,NA,NA,NA,NA,NA,NA,NA,NA,NA,NA,NA,NA,"11,210","10,564","10,490","10,381","9,864","9,334","9,055","8,291","9,225","8,729","8,896","9,304","9,647","10,106","11,807","11,402","11,808","12,505","12,395","12,875","11,250","10,844","11,003","12,859",NA,NA,NA,NA,NA,NA,NA,NA,NA,NA,NA,NA,NA,NA,NA,NA,NA,NA,NA,NA,NA,NA,NA,NA,NA,NA,NA,NA,NA,NA,,,,,,,,,,,,,,,,,,,,,,,,,,,,,,,,,,,,
Other Operating Expense,NA,NA,NA,NA,NA,NA,NA,NA,NA,NA,NA,NA,NA,NA,NA,NA,NA,NA,NA,NA,"(8,968)","(8,451)","(7,343)","(12,120)","(8,878)","(10,267)","(9,960)","(10,487)","(9,225)","(7,856)","(8,007)","(12,613)","(9,647)","(11,025)","(11,807)","(12,012)","(11,808)","(11,368)","(12,395)","(13,285)","(11,250)","(13,253)","(13,448)","(13,576)","(13,110)","(13,848)","(15,850)","2,999,933","1,033,290","1,146,476","1,169,674","(872,900)","1,256,761","1,281,189","1,316,902","(897,828)","1,509,551","1,648,248","1,561,636","(522,386)","1,102,674","1,407,792","1,388,643","654,462","1,081,304","1,568,173","1,590,200","814,536","1,280,155","1,852,738","1,865,411","1,021,250","1,398,730","1,848,853","1,856,233","1,268,850","1,419,057","1,882,852","1,920,436","1,379,108","1,755,399","1,992,734","2,013,428","(4,815,062)","1,854,857","1,832,474","1,999,820","(5,334,240)","1,951,550","1,856,457","2,140,804","(5,479,270)","(59,674)","2,223,521","(74,021)","204,906","(46,690)","(60,772)","(53,500)","73,033","(46,569)","(49,441)","(48,930)","52,042","(18,738)","(29,742)","(39,755)",,"(25,303)","(22,900)"
"        Other Operating Exp., Total",NA,NA,NA,NA,NA,NA,NA,NA,NA,NA,NA,NA,NA,NA,NA,NA,NA,NA,NA,NA,"527,999","502,857","461,580","507,885","516,871","473,215","465,404","472,192","484,316","476,619","473,288","468,099","513,914","554,906","565,762","575,198","635,483","640,018","636,646","720,996","685,001","679,536","696,854","714,130","787,930","743,992","753,467","809,411","1,033,290","1,146,476","1,169,674","1,179,769","1,256,761","1,281,189","1,316,902","1,571,200","1,509,551","1,648,248","1,561,636","1,466,903","1,444,165","1,407,792","1,388,643","1,582,232","1,456,027","1,568,173","1,590,200","1,802,839","1,745,665","1,852,738","1,865,411","2,050,583","1,857,545","1,848,853","1,856,233","2,048,583","1,898,236","1,882,852","1,920,436","2,122,437","1,923,950","1,992,734","2,013,428","1,964,236","1,854,857","1,832,474","1,999,820","2,143,114","1,951,550","1,856,457","2,140,804","2,456,187","2,201,540","2,223,521","2,428,596","2,927,561","2,567,924","2,571,500","2,494,722","2,924,759","2,585,146","2,586,681","2,715,590","2,886,678","2,346,643","2,183,304","2,559,507","2,946,886","2,441,132","2,517,779"
        Operating Income,NA,NA,NA,NA,NA,NA,NA,NA,NA,NA,NA,NA,NA,NA,NA,NA,NA,NA,NA,NA,"136,764","80,288","251,771","37,558","111,463","52,268","194,673","48,047","114,391","62,851","195,720","52,337","85,945","65,229","239,096","67,262","125,594","68,208","304,238","50,453","198,750","148,197","342,314","25,033","267,451","190,089","385,268","40,411","298,319","217,717","521,129","79,941","300,103","253,541","647,454","60,821","421,235","324,963","711,613","108,171","71,687","98,123","480,519","96,027","341,537","248,209","531,359","46,157","427,175","315,268","622,745","(64,670)","536,158","328,457","617,911","31,137","584,783","329,042","613,215","126,611","420,693","301,722","528,873","59,939","409,060","257,830","561,372","8,761","573,337","484,440","660,770","(56,043)","678,791","557,257","935,250","149,558","915,360","707,818","1,045,573","192,854","993,850","722,518","997,496","277,927","54,009","(287,509)","928,391","224,599","848,251","653,248"
 ,,,,,,,,,,,,,,,,,,,,,,,,,,,,,,,,,,,,,,,,,,,,,,,,,,,,,,,,,,,,,,,,,,,,,,,,,,,,,,,,,,,,,,,,,,,,,,,,,,,,,,,,,,,,,,
Interest Expense,NA,NA,NA,NA,NA,NA,NA,NA,NA,NA,NA,NA,NA,NA,NA,NA,NA,NA,NA,NA,"(24,662)","(19,016)","(25,177)","(22,741)","(12,823)","(19,601)","(22,636)","(42,143)","(30,443)","(22,696)","(26,689)","(16,810)","(16,663)","(24,805)","(22,630)","(12,574)","(19,322)","(11,368)","(19,156)","(28,449)","(13,750)","(22,892)","(18,338)","(33,186)","(24,910)","(21,401)","(18,288)","(27,337)","(58,942)","(62,924)","(70,078)","(39,970)","(58,972)","(60,688)","(56,360)","(53,580)","(56,964)","(76,554)","(73,719)","(55,405)","(72,990)","(64,053)","(55,775)","(1,477)","(40,100)","(38,186)","(47,835)","(33,939)","(45,182)","(43,187)","(46,600)","(14,820)","(36,705)","(37,208)","(33,772)","(16,866)","(25,081)","(28,726)","(34,435)","(8,168)","(27,407)","(27,429)","(15,906)","(14,985)","(18,030)","(18,812)","(20,009)","(27,378)","(14,333)","(15,809)","(26,788)","(34,488)","(21,312)","(28,634)","(41,123)","(11,776)","(19,659)","(21,449)","(8,141)","(53,634)","(39,754)","(48,318)","(48,930)","(53,149)","(46,294)","(46,266)","(51,447)",,"(45,786)","(44,594)"
Interest and Invest. Income,NA,NA,NA,NA,NA,NA,NA,NA,NA,NA,NA,NA,NA,NA,NA,NA,NA,NA,NA,NA,NA,NA,NA,"8,010",NA,NA,NA,"11,367",NA,NA,NA,"10,800",NA,NA,NA,"9,135",NA,NA,NA,"10,792",NA,NA,NA,"17,246","10,488","7,553","10,973","15,451","25,261","6,292","7,645","5,157","9,173","13,486","15,121","2,896","8,994","15,623","10,531","18,468","7,820","4,088","12,871","1,477","16,593","14,002","7,757","2,715","6,846","11,517","14,121","8,084","10,487","10,264","15,010","7,784","5,280","7,834","6,622","13,614","9,592","6,857","6,627","4,995","18,030","8,853","8,893",NA,"22,051","10,163","6,697",NA,"29,837","7,709","8,225","15,309","23,345","16,683","15,120",NA,"9,087","20,226","13,344","24,360","7,716","14,320","7,016",,"3,615","4,821"
        Net Interest Exp.,NA,NA,NA,NA,NA,NA,NA,NA,NA,NA,NA,NA,NA,NA,NA,NA,NA,NA,NA,NA,"(24,662)","(19,016)","(25,177)","(14,731)","(12,823)","(19,601)","(22,636)","(30,776)","(30,443)","(22,696)","(26,689)","(6,010)","(16,663)","(24,805)","(22,630)","(3,439)","(19,322)","(11,368)","(19,156)","(17,657)","(13,750)","(22,892)","(18,338)","(15,940)","(14,421)","(13,848)","(7,315)","(11,886)","(33,681)","(56,632)","(62,434)","(34,813)","(49,799)","(47,202)","(41,239)","(50,684)","(47,970)","(60,930)","(63,188)","(36,936)","(65,170)","(59,964)","(42,903)",0,"(23,507)","(24,184)","(40,078)","(31,224)","(38,336)","(31,671)","(32,479)","(6,736)","(26,218)","(26,944)","(18,762)","(9,082)","(19,801)","(20,892)","(27,813)","5,446","(17,814)","(20,572)","(9,278)","(9,990)",0,"(9,959)","(11,116)","(27,378)","7,718","(5,646)","(20,091)","(34,488)","8,525","(20,925)","(32,898)","3,533","3,686","(4,766)","6,978","(53,634)","(30,667)","(28,092)","(35,585)","(28,789)","(38,578)","(31,945)","(44,432)",,"(42,172)","(39,773)"
Currency Exchange Gains,NA,NA,NA,NA,NA,NA,NA,NA,NA,NA,NA,NA,NA,NA,NA,NA,NA,NA,NA,NA,NA,NA,NA,"(4,735)",NA,NA,NA,"(1,432)",NA,NA,NA,"(7,475)",NA,NA,NA,"(14,686)",NA,NA,NA,NA,NA,NA,NA,"(4,733)",NA,NA,NA,"5,943",NA,NA,NA,"2,579",NA,NA,NA,"10,137",NA,NA,NA,"(32,979)",NA,NA,NA,"(36,934)",NA,NA,NA,"2,715",NA,NA,NA,"(9,431)",NA,NA,,"(9,082)",NA,NA,NA,"(24,505)",NA,NA,NA,"(3,746)",NA,NA,NA,"27,378",NA,NA,NA,"5,389",NA,NA,NA,"22,375",NA,NA,NA,NA,NA,NA,NA,"(5,536)",NA,NA,NA,,NA,NA
Other Non-Operating Inc.,NA,NA,NA,NA,NA,NA,NA,NA,NA,NA,NA,NA,NA,NA,NA,NA,NA,NA,NA,NA,"1,121","2,113","1,049","1,037",986,NA,NA,(869),NA,NA,890,NA,NA,"(1,837)",NA,"1,000","(2,147)",NA,NA,"9,905","3,750","(1,205)","1,223","3,116","1,311","2,518","(1,219)","(21,394)",NA,NA,NA,"(16,762)",NA,NA,NA,"(2,896)","1,499",NA,NA,NA,"1,303",NA,NA,"(4,432)",NA,NA,NA,"(1,358)",NA,NA,NA,"1,347",NA,NA,NA,"1,297",NA,NA,NA,"1,361",NA,"(1,371)",NA,0,NA,"1,107",NA,0,"(2,205)","2,258","(1,116)","1,078",NA,"(1,101)",0,"(35,329)","2,457","(3,575)","2,326","61,622",NA,NA,NA,"15,502","(1,102)","(2,203)","(1,169)",,"(1,205)","2,411"
        EBT Excl Unusual Items,NA,NA,NA,NA,NA,NA,NA,NA,NA,NA,NA,NA,NA,NA,NA,NA,NA,NA,NA,NA,"113,223","63,385","227,643","19,129","99,626","32,668","172,037","14,970","83,948","40,155","169,921","38,852","69,282","38,586","216,466","50,138","104,125","56,840","285,082","42,702","188,750","124,100","325,198","7,476","254,340","178,759","376,734","13,074","264,638","161,086","458,696","30,945","250,304","206,339","606,215","17,377","374,765","264,032","648,425","38,256","7,820","38,159","437,616","54,662","318,031","224,025","491,281","16,291","388,838","283,597","590,266","(79,490)","509,940","301,513","599,148","14,271","564,983","308,151","585,402","108,913","402,879","279,778","519,594","46,203","409,060","248,978","550,256","8,761","578,850","481,053","639,563","(84,064)","687,315","535,231","902,352","140,137","921,504","699,477","1,054,878","200,842","963,183","694,426","961,911","259,103","14,329","(321,657)","882,790",,"804,875","615,886"
Impairment of Goodwill,,,,,,,,,,,,,,,,,,,,,,,,,,,,,,,,,,,NA,NA,NA,NA,NA,NA,NA,NA,NA,NA,NA,NA,NA,NA,NA,NA,NA,NA,NA,NA,NA,NA,NA,NA,NA,"27,702",NA,NA,NA,NA,NA,NA,NA,NA,NA,NA,NA,NA,NA,NA,,"(343,809)",NA,NA,NA,"(70,793)",NA,NA,NA,"(97,400)","(20,284)",NA,NA,"(17,522)",NA,NA,NA,NA,NA,NA,NA,NA,NA,NA,NA,NA,NA,NA,NA,NA,NA,NA,NA,,NA,NA
Gain (Loss) On Sale Of Invest.,NA,NA,NA,NA,NA,NA,NA,NA,NA,NA,NA,NA,NA,NA,NA,NA,NA,NA,NA,NA,NA,NA,NA,NA,NA,NA,NA,"2,715",NA,NA,NA,"1,953",NA,NA,NA,NA,NA,NA,NA,403,NA,NA,NA,13,NA,NA,NA,NA,NA,NA,NA,NA,NA,NA,NA,NA,NA,NA,NA,NA,NA,NA,NA,NA,NA,NA,NA,NA,NA,NA,NA,NA,NA,NA,,"(1,297)",NA,NA,NA,"(4,084)",NA,NA,NA,"(2,497)",NA,NA,NA,NA,NA,NA,NA,"(5,389)",NA,NA,NA,NA,NA,NA,NA,NA,NA,NA,NA,NA,NA,NA,NA,,NA,NA
Gain (Loss) On Sale Of Assets,,,,,,,,,,,,,,,,,,,,,,,,,,,,,,,,,,,NA,NA,NA,NA,NA,NA,NA,NA,NA,NA,NA,NA,NA,NA,NA,NA,NA,"1,289",NA,NA,NA,"30,410",NA,NA,NA,"13,192","2,607",NA,NA,"19,205","17,976",NA,NA,"12,218","1,369",NA,NA,NA,NA,NA,,"6,487","(1,320)",NA,NA,"8,168",NA,"(2,743)",NA,"7,492",NA,NA,NA,"1,095",NA,NA,NA,"45,265",NA,NA,NA,"3,533",NA,NA,NA,NA,NA,NA,NA,"(6,644)",NA,NA,NA,,NA,NA
Asset Writedown,,,,,,,,,,,,,,,,,,,,,,,,,,,,,,,,,,,NA,NA,NA,NA,NA,NA,NA,NA,NA,NA,NA,NA,NA,NA,NA,NA,NA,"(14,183)",NA,NA,NA,"(4,344)",NA,NA,NA,"(7,915)",NA,NA,NA,"(51,707)",NA,NA,NA,"(19,006)",NA,NA,NA,"1,347",NA,NA,,"(3,892)",NA,NA,NA,"(2,723)",NA,NA,NA,"(19,980)",NA,NA,NA,"(19,712)",NA,NA,NA,"(19,399)",NA,NA,NA,NA,NA,NA,NA,"(46,787)",NA,NA,NA,NA,NA,NA,NA,,NA,NA
Other Unusual Items,NA,NA,NA,NA,NA,NA,NA,NA,NA,NA,NA,NA,NA,NA,NA,NA,NA,NA,NA,NA,NA,"3,169","1,049","(1,285)",NA,NA,NA,226,NA,873,NA,695,NA,NA,NA,NA,NA,NA,NA,NA,NA,NA,NA,NA,NA,NA,NA,NA,NA,NA,NA,NA,NA,NA,NA,NA,NA,NA,NA,NA,NA,NA,NA,NA,NA,NA,NA,NA,NA,NA,NA,"36,377",NA,NA,,NA,NA,NA,NA,NA,NA,NA,NA,NA,NA,NA,NA,NA,NA,NA,NA,"74,365",NA,NA,NA,"1,178",NA,NA,NA,NA,NA,NA,NA,NA,NA,NA,NA,,NA,NA
        EBT Incl. Unusual Items,NA,NA,NA,NA,NA,NA,NA,NA,NA,NA,NA,NA,NA,NA,NA,NA,NA,NA,NA,NA,"113,223","66,555","228,692","17,844","99,626","32,668","172,037","17,911","83,948","41,028","169,921","41,500","69,282","38,586","216,466","50,138","104,125","56,840","285,082","43,104","188,750","124,100","325,198","7,489","254,340","178,759","376,734","13,074","264,638","161,086","458,696","18,051","250,304","206,339","606,215","43,443","374,765","264,032","648,425","71,234","10,427","38,159","437,616","22,160","336,006","224,025","491,281","9,503","390,208","283,597","590,266","(41,766)","509,940","301,513","599,148","(328,240)","563,663","308,151","585,402","39,481","402,879","277,035","519,594","(66,182)","388,776","248,978","550,256","(27,378)","578,850","481,053","639,563","10,777","687,315","535,231","902,352","144,847","921,504","699,477","1,054,878","154,055","963,183","694,426","961,911","252,460","14,329","(321,657)","882,790",,"804,875","615,886"
 ,,,,,,,,,,,,,,,,,,,,,,,,,,,,,,,,,,,,,,,,,,,,,,,,,,,,,,,,,,,,,,,,,,,,,,,,,,,,,,,,,,,,,,,,,,,,,,,,,,,,,,,,,,,,,,
Income Tax Expense,NA,NA,NA,NA,NA,NA,NA,NA,NA,NA,NA,NA,NA,NA,NA,NA,NA,NA,NA,NA,"42,599","28,523","82,875","9,294","41,429","12,134","67,909","8,348","35,978","17,459","61,385","16,069","28,941","13,781","80,683","17,871","42,938","21,599","108,174","13,950","72,500","39,760","125,923","(1,039)","83,906","60,426","124,359","8,320","84,203","56,632","141,431","1,289","81,250","66,082","193,824","13,033","119,925","81,241","192,572",0,"5,214","27,256","133,001","(7,387)","102,323","63,643","147,384",0,"104,055","82,056","160,982","18,862","129,779","91,095","170,113","25,948","155,766","84,872","164,230","51,734","116,478","80,916","148,456","18,731","121,704","87,419","175,637","8,761","173,104","140,025","185,283","6,466","195,006","153,080","257,311","149,558","255,564","201,383","291,923","46,787","246,475","176,416","244,648","50,935","(14,329)","(53,977)","206,959","16,004","200,014","148,246"
        Earnings from Cont. Ops.,NA,NA,NA,NA,NA,NA,NA,NA,NA,NA,NA,NA,NA,NA,NA,NA,NA,NA,NA,NA,"70,624","38,031","145,817","8,550","58,197","20,534","104,127","9,564","47,970","23,569","108,536","25,431","40,341","24,805","135,783","32,268","61,187","35,241","176,909","29,154","116,250","84,340","199,276","8,527","170,434","118,334","252,375","4,754","180,435","104,454","317,264","16,762","169,053","140,257","412,391","30,410","254,840","182,791","455,853","71,234","5,214","10,903","304,615","29,547","233,683","160,381","343,897","9,503","286,152","201,541","429,285","(60,628)","380,161","210,418","429,035","(354,188)","407,896","223,279","421,171","(12,253)","286,400","196,119","371,139","(84,913)","267,072","161,559","374,619","(36,138)","405,746","341,028","454,279","4,311","492,310","382,150","645,041","(4,710)","665,940","498,094","762,955","107,268","716,708","518,010","717,263","201,525","28,658","(267,681)","675,831","129,237","604,861","467,639"
Earnings of Discontinued Ops.,,,,,,,,,,,,,,,,,,,,,,,,,,,,,,,,,,,NA,NA,NA,NA,NA,NA,"(20,000)","(30,121)","26,896","9,923","(28,843)","(33,989)","13,411","(8,320)",NA,NA,NA,NA,NA,NA,NA,NA,NA,NA,NA,NA,NA,NA,NA,NA,NA,NA,NA,NA,NA,NA,NA,NA,NA,NA,NA,NA,NA,NA,NA,NA,"(4,111)","2,743","5,302","(88,659)","(15,776)","1,107","(25,567)","(10,951)","(19,846)","(11,292)","(22,323)","(15,088)","(6,394)","(208,145)","(25,849)","(43,572)","(1,229)","(25,024)","3,489","15,976","2,272","78,657","2,224","(16,609)",NA,"(81,516)","(1,169)","21,512","62,655","24,105"
        Net Income to Company,NA,NA,NA,NA,NA,NA,NA,NA,NA,NA,NA,NA,NA,NA,NA,NA,NA,NA,NA,NA,"70,624","38,031","145,817","8,550","58,197","20,534","104,127","9,564","47,970","23,569","108,536","25,431","40,341","24,805","135,783","32,268","61,187","35,241","176,909","29,154","96,250","54,218","226,172","18,450","141,591","84,344","265,786","(3,566)","180,435","104,454","317,264","16,762","169,053","140,257","412,391","30,410","254,840","182,791","455,853","71,234","5,214","10,903","304,615","29,547","233,683","160,381","343,897","9,503","286,152","201,541","429,285","(60,628)","380,161","210,418","429,035","(354,188)","407,896","223,279","421,171","(12,253)","282,289","198,862","376,441","(173,572)","251,296","162,665","349,051","(47,089)","385,900","329,736","431,956","(10,777)","485,916","174,005","619,192","(48,282)","664,711","473,070","766,444","123,244","718,980","596,667","719,487","184,916","28,658","(349,197)","674,662",,"667,516","491,744"
Minority Int. in Earnings,NA,NA,NA,NA,NA,NA,NA,NA,NA,NA,NA,NA,NA,NA,NA,NA,NA,NA,NA,NA,"(2,242)","(4,226)","(6,294)","(6,764)","(5,918)","(1,867)","(9,055)","(5,496)","(5,535)","(2,619)","(7,117)","(3,498)","(2,631)","(1,837)","(6,888)","(2,682)","(6,441)","1,137","(7,888)","1,917","(6,250)","(1,205)","(7,335)","6,536","(3,933)","(1,259)","(3,658)",0,"(7,217)","(1,258)","(6,371)","1,289","(1,310)",NA,"(2,749)",0,"(1,499)","(1,562)","(1,504)",0,"1,303","1,363",NA,"(1,477)","(1,383)",NA,NA,0,NA,NA,"(1,412)","8,084","(1,311)","1,283","1,251","1,297","(1,320)","1,306","(2,649)",0,"(2,741)","(1,371)","(2,651)","(1,249)","(2,254)","(1,107)","(3,335)","(1,095)",0,"(1,129)","(1,116)",0,"(1,066)",NA,"(1,175)","(1,178)","(1,229)","(1,192)","(1,163)",0,"(1,136)",NA,"(1,112)",0,"5,511","24,234","(36,247)",,"4,820","(13,258)"
        Net Income,NA,NA,NA,NA,NA,NA,NA,NA,NA,NA,NA,NA,NA,NA,NA,NA,NA,NA,NA,NA,"68,382","33,806","139,523","1,785","52,279","18,667","95,073","4,068","42,435","20,950","101,419","21,933","37,710","22,968","128,895","29,585","54,746","36,378","169,021","31,070","90,000","53,013","218,837","24,987","137,658","83,085","262,128","(3,566)","173,217","103,195","310,894","18,051","167,743","140,257","409,642","30,410","253,341","181,229","454,349","71,234","6,517","12,265","304,615","28,069","232,301","160,381","343,897","9,503","286,152","201,541","427,872","(52,545)","378,850","211,701","430,286","(352,891)","406,576","224,584","418,523","(12,253)","279,548","197,490","373,790","(174,821)","249,042","161,559","345,717","(48,184)","385,900","328,606","430,840","(10,777)","484,850","174,005","618,017","(49,460)","663,483","471,879","765,281","123,244","717,844","596,667","718,375","184,916","34,169","(324,962)","638,415","145,825","672,336","478,486"
        NI to Common Incl Extra Items,NA,NA,NA,NA,NA,NA,NA,NA,NA,NA,NA,NA,NA,NA,NA,NA,NA,NA,NA,NA,"68,382","33,806","139,523","1,785","52,279","18,667","95,073","4,068","42,435","20,950","101,419","21,933","37,710","22,968","128,895","29,585","54,746","36,378","169,021","31,070","90,000","53,013","218,837","24,987","137,658","83,085","262,128","(3,566)","173,217","103,195","310,894","18,051","167,743","140,257","409,642","30,410","253,341","181,229","454,349","71,234","6,517","12,265","304,615","28,069","232,301","160,381","343,897","9,503","286,152","201,541","427,872","(52,545)","378,850","211,701","430,286","(352,891)","406,576","224,584","418,523","(12,253)","279,548","197,490","373,790","(174,821)","249,042","161,559","345,717","(48,184)","385,900","328,606","430,840","(10,777)","484,850","174,005","618,017","(49,460)","663,483","471,879","765,281","123,244","717,844","596,667","718,375","184,916","34,169","(324,962)","638,415",,"672,336","478,486"
        NI to Common Excl. Extra Items,NA,NA,NA,NA,NA,NA,NA,NA,NA,NA,NA,NA,NA,NA,NA,NA,NA,NA,NA,NA,"68,382","33,806","139,523","1,785","52,279","18,667","95,073","4,068","42,435","20,950","101,419","21,933","37,710","22,968","128,895","29,585","54,746","36,378","169,021","31,070","110,000","83,135","191,940","15,064","166,501","117,075","248,717","4,754","173,217","103,195","310,894","18,051","167,743","140,257","409,642","30,410","253,341","181,229","454,349","71,234","6,517","12,265","304,615","28,069","232,301","160,381","343,897","9,503","286,152","201,541","427,872","(52,545)","378,850","211,701","430,286","(352,891)","406,576","224,584","418,523","(12,253)","283,659","194,748","368,488","(86,162)","264,819","160,452","371,284","(37,233)","405,746","339,899","453,163","4,311","491,244","382,150","643,866","(5,888)","664,711","496,903","761,792","107,268","715,572","518,010","716,151","201,525","34,169","(243,446)","639,584",,"609,681","454,381"
Per Share Items ($),,,,,,,,,,,,,,,,,,,,,,,,,,,,,,,,,,,,,,,,,,,,,,,,,,,,,,,,,,,,,,,,,,,,,,,,,,,,,,,,,,,,,,,,,,,,,,,,,,,,,,,,,,,,,,
Basic EPS,NA,NA,NA,NA,NA,NA,NA,NA,NA,NA,NA,NA,NA,NA,NA,NA,NA,NA,NA,NA,0.37,0.19,0.77,0.01,0.29,0.10,0.52,0.02,0.24,0.12,0.56,0.12,0.21,0.13,0.71,0.16,0.30,0.20,0.93,0.17,0.50,0.29,1.20,0.14,0.75,0.45,1.43,(0.02),0.85,0.51,1.53,0.09,0.82,0.69,2.01,0.16,1.25,0.92,2.32,0.37,0.03,0.06,1.57,0.14,1.11,0.77,1.64,0.04,1.37,0.96,2.04,(0.26),1.81,1.01,2.06,(1.69),1.94,1.07,2.00,(0.06),1.34,0.94,1.79,(0.84),1.22,0.80,1.73,(0.24),1.93,1.64,2.15,(0.05),2.41,0.86,3.05,(0.24),3.25,2.32,3.81,0.62,3.61,3.01,3.64,0.94,0.18,(1.66),3.27,0.94,3.45,2.45
Basic EPS Excl. Extra Items,NA,NA,NA,NA,NA,NA,NA,NA,NA,NA,NA,NA,NA,NA,NA,NA,NA,NA,NA,NA,0.37,0.19,0.77,0.01,0.29,0.10,0.52,0.02,0.24,0.12,0.56,0.12,0.21,0.13,0.71,0.16,0.30,0.20,0.93,0.17,0.60,0.45,1.05,0.08,0.91,0.64,1.35,0.02,0.85,0.51,1.53,0.09,0.82,0.69,2.01,0.16,1.25,0.92,2.32,0.37,0.03,0.06,1.57,0.14,1.11,0.77,1.64,0.04,1.37,0.96,2.04,(0.26),1.81,1.01,2.06,(1.69),1.94,1.07,2.00,(0.06),1.36,0.93,1.76,(0.41),1.30,0.80,1.85,(0.19),2.03,1.69,2.27,0.02,2.44,1.89,3.18,(0.03),3.26,2.45,3.80,0.54,3.60,2.61,3.63,1.03,0.18,(1.25),3.28,,3.12,2.32
Weighted Avg. Basic Shares Out. (actual),NA,NA,NA,NA,NA,NA,NA,NA,NA,NA,NA,NA,NA,NA,NA,NA,"180,898,705","182,178,217","181,132,075","181,555,104","183,458,646","177,777,777","180,952,380","182,100,228","182,758,620","181,818,181","181,818,181","182,364,696","180,392,156","177,777,777","181,673,306","183,081,060","181,396,800","181,396,800","181,396,800","181,667,200","181,748,376","181,754,688","181,815,000","181,815,000","182,020,997","183,333,333","182,719,968","183,428,424","183,742,188","183,333,333","183,866,908","196,190,604","203,260,848","203,268,960","203,337,185","203,532,861","203,563,033","203,565,047","203,621,193","190,909,090","202,443,070","196,610,169","195,806,311","193,645,201","193,515,512","193,515,512","193,515,512","196,220,166","209,216,186","209,216,186","209,216,186","209,216,186","209,216,186","209,216,186","209,216,186","200,000,000","209,216,186","209,216,186","209,216,186","209,230,769","209,216,186","209,216,186","209,216,186","200,000,000","209,216,186","209,216,186","209,216,186","208,955,223","204,153,362","201,644,392","200,197,417","200,000,000","199,705,179","200,689,655","200,000,000","200,000,000","201,209,054","202,564,102","202,756,583","205,000,000","203,878,332","203,076,923","200,609,756","199,412,160","198,742,138","198,134,328","197,553,516","196,192,895","193,750,000","195,364,238","195,000,000","195,070,000","195,104,895","195,566,502"
Diluted EPS Incl. Extra Items,NA,NA,NA,NA,NA,NA,NA,NA,NA,NA,NA,NA,NA,NA,NA,NA,NA,NA,NA,NA,0.37,0.19,0.77,0.01,0.29,0.10,0.52,0.02,0.24,0.12,0.56,0.12,0.21,0.13,0.71,0.16,0.30,0.20,0.93,0.17,0.50,0.29,1.20,0.14,0.71,0.43,1.32,(0.02),0.81,0.49,1.43,0.09,0.78,0.66,1.88,0.16,1.18,0.87,2.17,0.37,0.03,0.06,1.47,0.13,1.11,0.76,1.64,0.04,1.37,0.96,2.04,(0.27),1.81,1.01,2.05,(1.69),1.94,1.07,2.00,(0.07),1.31,0.94,1.79,(0.84),1.22,0.80,1.72,(0.25),1.88,1.60,2.10,(0.05),2.38,0.86,3.02,(0.24),3.25,2.32,3.80,0.62,3.61,3.01,3.64,0.94,0.18,(1.66),3.27,,3.45,2.45
Diluted EPS Excl. Extra Items,NA,NA,NA,NA,NA,NA,NA,NA,NA,NA,NA,NA,NA,NA,NA,NA,NA,NA,NA,NA,0.37,0.19,0.77,0.01,0.29,0.10,0.52,0.02,0.24,0.12,0.56,0.12,0.21,0.13,0.71,0.16,0.30,0.20,0.93,0.17,0.60,0.45,1.05,0.08,0.85,0.60,1.26,0.02,0.81,0.49,1.43,0.09,0.78,0.66,1.88,0.16,1.18,0.87,2.17,0.37,0.03,0.06,1.47,0.13,1.11,0.76,1.64,0.04,1.37,0.96,2.04,(0.27),1.81,1.01,2.05,(1.69),1.94,1.07,2.00,(0.07),1.33,0.93,1.76,(0.42),1.30,0.80,1.85,(0.20),1.98,1.66,2.21,0.02,2.41,1.89,3.15,(0.03),3.26,2.45,3.79,0.54,3.60,2.61,3.63,1.03,0.18,(1.25),3.28,,3.12,2.32
Weighted Avg. Diluted Shares Out. (actual),NA,NA,NA,NA,NA,NA,NA,NA,NA,NA,NA,NA,NA,NA,NA,NA,"180,898,705","182,178,217","181,132,075","181,555,104","183,458,646","177,777,777","180,952,380","182,100,228","182,758,620","181,818,181","181,818,181","182,364,696","180,392,156","177,777,777","181,673,306","183,081,060","181,396,800","181,396,800","181,396,800","181,836,544","181,748,376","181,788,724","181,815,000","181,933,924","182,020,997","183,333,333","182,719,968","247,235,288","199,829,456","197,058,823","199,996,635","196,190,604","219,307,298","219,308,507","217,857,143","219,503,226","219,446,522","212,244,898","217,518,248","190,909,090","218,240,051","207,142,857","209,722,222","209,318,630","193,515,512","193,515,512","206,796,117","211,111,111","209,216,186","210,000,000","209,216,186","209,216,186","209,216,186","209,216,186","209,216,186","200,000,000","209,216,186","209,216,186","209,216,186","209,230,769","209,216,186","209,216,186","209,216,186","200,000,000","215,233,140","209,216,186","209,216,186","208,955,223","204,153,362","201,644,392","200,645,161","200,000,000","207,724,599","204,929,577","205,319,148","200,000,000","204,273,231","202,564,102","204,236,828","205,000,000","204,249,548","203,076,923","201,223,241","199,782,922","198,742,138","198,134,328","197,553,516","196,199,321","193,750,000","195,364,238","195,000,000","196,000,000","195,104,895","195,566,502"
Normalized Basic EPS,NA,NA,NA,NA,NA,NA,NA,NA,NA,NA,NA,NA,NA,NA,NA,NA,NA,NA,NA,NA,0.37,0.20,0.75,0.03,0.31,0.10,0.54,0.02,0.26,0.13,0.55,0.11,0.22,0.12,0.71,0.16,0.32,0.20,0.94,0.16,0.61,0.42,1.07,0.06,0.84,0.60,1.26,0.04,0.78,0.49,1.38,0.10,0.76,0.63,1.85,0.06,1.15,0.83,2.06,0.12,0.03,0.13,1.41,0.17,0.94,0.67,1.47,0.05,1.16,0.85,1.76,(0.21),1.52,0.91,1.80,0.05,1.68,0.93,1.74,0.34,1.19,0.83,1.54,0.13,1.24,0.77,1.70,0.02,1.81,1.49,1.99,(0.26),2.13,1.65,2.78,0.42,2.82,2.15,3.28,0.63,3.02,2.19,3.04,0.82,0.07,(0.91),2.64,0.56,2.60,1.90
Normalized Diluted EPS,NA,NA,NA,NA,NA,NA,NA,NA,NA,NA,NA,NA,NA,NA,NA,NA,NA,NA,NA,NA,0.37,0.20,0.75,0.03,0.31,0.10,0.54,0.02,0.26,0.13,0.55,0.11,0.22,0.12,0.71,0.16,0.32,0.20,0.94,0.16,0.61,0.42,1.07,0.05,0.78,0.56,1.16,0.04,0.72,0.45,1.29,0.09,0.71,0.61,1.73,0.06,1.07,0.79,1.93,0.11,0.03,0.13,1.32,0.16,0.94,0.67,1.47,0.05,1.16,0.85,1.76,(0.21),1.52,0.91,1.80,0.05,1.68,0.93,1.74,0.34,1.16,0.83,1.54,0.13,1.24,0.77,1.70,0.02,1.74,1.46,1.94,(0.26),2.10,1.65,2.76,0.42,2.81,2.15,3.27,0.63,3.02,2.19,3.04,0.82,0.07,(0.91),2.64,0.56,2.60,1.90
Dividends per Share,NA,NA,NA,NA,NA,NA,NA,NA,NA,NA,NA,NA,NA,NA,NA,NA,NA,NA,NA,NA,NA,NA,NA,0.24,NA,NA,NA,0.20,NA,NA,NA,0.21,NA,NA,NA,0.25,NA,NA,NA,0.30,NA,NA,NA,0.42,NA,NA,NA,0.39,NA,NA,NA,0.54,NA,NA,NA,0.72,NA,NA,NA,0.66,NA,NA,NA,0.52,NA,NA,NA,1.09,NA,NA,NA,1.35,NA,NA,,1.75,NA,NA,NA,2.04,NA,NA,NA,1.87,NA,NA,NA,1.75,NA,NA,NA,2.16,NA,NA,NA,3.06,NA,NA,NA,3.82,NA,NA,NA,NA,NA,NA,NA,,NA,NA
Payout Ratio (%),NA,NA,NA,NA,NA,NA,NA,NA,NA,NA,NA,NA,NA,NA,NA,NA,NA,NA,NA,NA,NA,NA,NA,NA,NA,NA,NA,NA,NA,175.00,0.00,NA,NA,168.00,0.00,NA,NA,140.63,0.00,1.62,NA,NA,0.00,2.36,NA,90.91,0.00,0.00,NA,80.49,0.00,0.00,NA,81.73,0.00,0.00,NA,85.35,0.00,0.00,NA,NM,0.00,0.00,NA,57.94,0.00,0.00,NA,119.29,0.00,0.00,NA,126.67,0.00,0.00,NA,163.95,0.00,0.00,NA,218.06,0.00,0.00,NA,207.53,0.00,0.00,NA,NA,0.00,0.00,NA,256.33,0.00,0.00,NA,133.33,NA,0.00,NA,125.05,0.00,0.00,NA,NA,NA,,NA,NA
Shares per Depositary Receipt (actual),NA,NA,NA,NA,NA,NA,NA,NA,NA,NA,NA,NA,NA,NA,NA,NA,1,1,1,1,1,1,1,1,1,1,1,1,1,1,1,1,1,1,1,1,1,1,1,1,1,1,1,1,1,1,1,1,1,1,1,1,1,1,1,1,1,1,1,1,1,1,1,1,1,1,1,1,1,1,1,1,1,1,1,1,1,1,1,1,1,1,1,1,1,1,1,1,1,1,1,1,1,1,1,1,1,1,1,1,1,1,1,1,1,1,1,,1,1
Supplemental Items ($000),,,,,,,,,,,,,,,,,,,,,,,,,,,,,,,,,,,,,,,,,,,,,,,,,,,,,,,,,,,,,,,,,,,,,,,,,,,,,,,,,,,,,,,,,,,,,,,,,,,,,,,,,,,,,,
EBITDA,NA,NA,NA,NA,NA,NA,NA,NA,NA,NA,NA,NA,NA,NA,NA,NA,NA,NA,NA,NA,"168,863","110,239","281,475","68,457","140,858","80,083","221,656","76,865","144,834","91,657","226,858","69,590","119,270","101,059","277,469","110,810","168,532","110,270","348,184","97,108","245,000","181,933","382,658","51,993","298,915","222,820","415,748","103,405","346,435","281,900","595,030","153,434","368,248","320,972","716,186","147,707","496,188","414,015","794,358","195,235","161,621","189,432","579,197","181,713","423,119","328,400","637,373","111,999","507,954","398,763","710,297","(29,640)","618,745","410,571","705,469","57,085","674,547","416,526","709,899","167,453","515,246","404,581","629,610","101,146","496,957","349,675","654,749","45,994","668,158","574,779","767,922","(29,099)","791,745","669,589","1,073,893","206,083","1,054,200","835,321","1,190,954","358,320","1,318,697","1,075,349","1,313,314","643,330","402,313","74,907","1,337,632","534,044","1,183,214","1,002,772"
EBITA,NA,NA,NA,NA,NA,NA,NA,NA,NA,NA,NA,NA,NA,NA,NA,NA,NA,NA,NA,NA,"136,764","80,288","251,771","37,558","111,463","52,268","194,673","48,047","123,616","71,580","204,617","61,641","95,591","75,335","250,903","108,810","137,402","80,713","304,238","50,453","212,500","148,197","352,095","25,033","267,451","190,089","385,268","80,822","298,319","217,717","521,129","79,941","300,103","253,541","647,454","60,821","421,235","324,963","711,613","188,639","71,687","98,123","480,519","96,027","341,537","248,209","531,359","46,157","427,175","315,268","622,745","(64,670)","536,158","328,457","617,911","31,137","584,783","329,042","613,215","126,611","420,693","301,722","528,873","61,187","409,060","257,830","561,372","8,761","573,337","484,440","660,770","(54,965)","678,791","557,257","935,250","149,558","915,360","707,818","1,045,573","192,854","993,850","722,518","997,496","364,295","54,009","(287,509)","928,391","224,598","848,251","653,248"
EBIT,NA,NA,NA,NA,NA,NA,NA,NA,NA,NA,NA,NA,NA,NA,NA,NA,NA,NA,NA,NA,"136,764","80,288","251,771","37,558","111,463","52,268","194,673","48,047","114,391","62,851","195,720","52,337","85,945","65,229","239,096","67,262","125,594","68,208","304,238","50,453","198,750","148,197","342,314","25,033","267,451","190,089","385,268","40,411","298,319","217,717","521,129","79,941","300,103","253,541","647,454","60,821","421,235","324,963","711,613","108,171","71,687","98,123","480,519","96,027","341,537","248,209","531,359","46,157","427,175","315,268","622,745","(64,670)","536,158","328,457","617,911","31,137","584,783","329,042","613,215","126,611","420,693","301,722","528,873","59,939","409,060","257,830","561,372","8,761","573,337","484,440","660,770","(56,043)","678,791","557,257","935,250","149,558","915,360","707,818","1,045,573","192,854","993,850","722,518","997,496","277,927","54,009","(287,509)","928,391",,"848,251","653,248"
Effective Tax Rate (%),NA,NA,NA,NA,NA,NA,NA,NA,NA,NA,NA,NA,NA,NA,NA,NA,33.78,37.50,28.93,2.19,37.62,42.86,36.24,52.09,41.58,37.14,39.47,46.61,42.86,42.55,36.13,38.72,41.77,35.71,37.27,35.64,41.24,38.00,37.95,32.36,38.41,32.04,38.72,NM,32.99,33.80,33.01,63.64,31.82,35.16,30.83,7.14,32.46,32.03,31.97,30.00,32.00,30.77,29.70,0.00,50.00,71.43,30.39,NM,30.45,28.41,30.00,0.00,26.67,28.93,27.27,NM,25.45,30.21,28.39,NM,27.64,27.54,28.05,131.03,28.91,29.21,28.57,NM,31.30,35.11,31.92,NM,29.91,29.11,28.97,60.00,28.37,28.60,28.52,103.25,27.73,28.79,27.67,30.37,25.59,25.41,25.43,20.18,NM,16.78,23.44,,24.85,24.07
Current Domestic Taxes,NA,NA,NA,NA,NA,NA,NA,NA,NA,NA,NA,NA,NA,NA,NA,NA,NA,NA,NA,NA,NA,NA,NA,"164,892",NA,NA,NA,"97,917",NA,NA,NA,"138,949",NA,NA,NA,"173,923",NA,NA,NA,"215,558",NA,NA,NA,NA,NA,NA,"124,359","96,274","84,203","56,632",NA,NA,NA,NA,NA,NA,NA,NA,NA,NA,NA,NA,NA,NA,NA,NA,NA,NA,NA,NA,NA,NA,NA,NA,,,,,,,,,,,,,,,,,,,,,,,,,,,,,,,,,,,,
Total Current Taxes,NA,NA,NA,NA,NA,NA,NA,NA,NA,NA,NA,NA,NA,NA,NA,NA,NA,NA,NA,NA,NA,NA,NA,"164,892",NA,NA,NA,"97,917",NA,NA,NA,"138,949",NA,NA,NA,"173,923",NA,NA,NA,"215,558",NA,NA,NA,NA,NA,NA,"124,359","96,274","84,203","56,632",NA,NA,NA,NA,NA,NA,NA,NA,NA,"436,641",NA,NA,NA,"230,465",NA,NA,NA,"426,274",NA,NA,NA,"389,368",NA,NA,,"528,039",NA,NA,NA,"487,385",NA,NA,NA,"393,347",NA,NA,NA,"480,750",NA,NA,NA,NA,NA,NA,NA,"764,275",NA,NA,NA,NA,NA,NA,NA,"1,102,851",NA,NA,NA,,NA,NA
Deferred Domestic Taxes,NA,NA,NA,NA,NA,NA,NA,NA,NA,NA,NA,NA,NA,NA,NA,NA,NA,NA,NA,NA,NA,NA,NA,"(6,294)",NA,NA,NA,"23,352",NA,NA,NA,"(7,363)",NA,NA,NA,"(25,990)",NA,NA,NA,"(16,984)",NA,NA,NA,NA,NA,NA,NA,"(87,954)",NA,NA,NA,NA,NA,NA,NA,NA,NA,NA,NA,NA,NA,NA,NA,NA,NA,NA,NA,NA,NA,NA,NA,NA,NA,NA,,,,,,,,,,,,,,,,,,,,,,,,,,,,,,,,,,,,
Total Deferred Taxes,NA,NA,NA,NA,NA,NA,NA,NA,NA,NA,NA,NA,NA,NA,NA,NA,NA,NA,NA,NA,NA,NA,NA,"(6,294)",NA,NA,NA,"23,352",NA,NA,NA,"(7,363)",NA,NA,NA,"(25,990)",NA,NA,NA,"(16,984)",NA,NA,NA,NA,NA,NA,NA,"(87,954)",NA,NA,NA,NA,NA,NA,NA,NA,NA,NA,NA,"(93,660)",NA,NA,NA,"(63,526)",NA,NA,NA,"(103,175)",NA,NA,NA,"(37,724)",NA,NA,,"(103,791)",NA,NA,NA,"(19,060)",NA,NA,NA,"(53,695)",NA,NA,NA,"(94,179)",NA,NA,NA,NA,NA,NA,NA,"22,375",NA,NA,NA,NA,NA,NA,NA,"(393,084)",NA,NA,NA,,NA,NA
Normalized Net Income,NA,NA,NA,NA,NA,NA,NA,NA,NA,NA,NA,NA,NA,NA,NA,NA,NA,NA,NA,NA,"68,522","35,390","135,982","5,191","56,348","18,551","98,468","3,860","46,933","22,478","99,083","20,785","40,670","22,279","128,403","28,654","58,637","36,662","170,289","28,605","111,719","76,357","195,914","11,209","155,030","110,466","231,801","8,171","158,181","99,420","280,314","20,630","155,129","128,962","376,135","10,861","232,729","163,458","403,761","23,910","6,191","25,212","273,510","32,686","197,386","140,015","307,051","10,182","243,024","177,248","367,504","(41,598)","317,402","189,729","375,718","10,217","351,794","193,900","363,227","68,070","249,058","173,490","322,095","27,628","253,409","154,504","340,575","4,380","361,781","299,529","398,610","(52,540)","428,506","334,519","562,795","86,408","574,711","435,981","658,136","125,526","600,853","434,016","600,082","161,940","14,467","(176,801)","515,497",,"507,866","371,671"
Supplemental Operating Expense Items ($000),,,,,,,,,,,,,,,,,,,,,,,,,,,,,,,,,,,,,,,,,,,,,,,,,,,,,,,,,,,,,,,,,,,,,,,,,,,,,,,,,,,,,,,,,,,,,,,,,,,,,,,,,,,,,,
Marketing Expense,,,,,,,,,,,,,,,,,,,,,,,,,,,,,,,,,,,NA,NA,NA,NA,NA,NA,NA,NA,NA,NA,NA,NA,NA,NA,NA,NA,NA,NA,NA,NA,NA,NA,NA,NA,NA,NA,"341,490",NA,NA,NA,"374,723",NA,NA,NA,"465,511",NA,NA,NA,"458,815",NA,,NA,"479,179",NA,NA,NA,"168,551",NA,NA,NA,NA,NA,NA,NA,NA,NA,NA,NA,"671,331",NA,"783,683",NA,NA,NA,NA,NA,NA,NA,NA,NA,NA,NA,NA,,NA,NA
Selling and Marketing Expense,,,,,,,,,,,,,,,,,,,,,,,,,,,,,,,,,,,NA,NA,NA,NA,NA,NA,NA,NA,NA,NA,NA,NA,NA,NA,NA,NA,NA,"2,052,668",NA,NA,NA,"2,469,028",NA,NA,NA,"1,989,289","341,490",NA,NA,"927,770","374,723",NA,NA,"988,303","465,511",NA,NA,"1,029,334","458,815",NA,,"779,733","479,179",NA,NA,"743,329","168,551",NA,NA,"5,310,804",NA,NA,NA,"5,846,748",NA,NA,NA,"6,045,087","671,331",NA,"783,683","6,022,343","867,442","842,470","829,248","6,076,606","798,488","836,008","837,363","6,465,407","714,244","578,322","677,001",,"651,852","742,437"
General and Administrative Expense,,,,,,,,,,,,,,,,,,,,,,,,,,,,,,,,,,,,,,,,,,,,,,,,,,,,,,,,,,,,,,,,,,,,,,,,,,,,NA,NA,NA,NA,NA,NA,NA,NA,"1,311,155",NA,NA,NA,"1,478,387",NA,NA,NA,"1,729,785",NA,NA,NA,"1,846,507",NA,NA,NA,"1,798,447",NA,NA,NA,"1,829,226",NA,NA,NA,,NA,NA
R&D Expense,NA,NA,NA,NA,NA,NA,NA,NA,NA,NA,NA,NA,NA,NA,NA,NA,NA,NA,NA,NA,NA,NA,NA,"79,836",NA,NA,NA,"79,045",NA,NA,NA,"77,011",NA,NA,NA,"85,041",NA,NA,NA,"102,436",NA,NA,NA,NA,NA,NA,NA,"74,879",NA,NA,NA,"126,358",NA,NA,NA,"121,641",NA,NA,NA,"106,852",NA,NA,NA,"33,979",NA,NA,NA,"138,471",NA,NA,NA,"154,939",NA,NA,,"166,066",NA,NA,NA,"174,260",NA,NA,NA,"157,339",NA,NA,NA,"152,219",NA,NA,NA,"160,584",NA,NA,NA,"220,215",NA,NA,NA,NA,NA,NA,NA,NA,NA,NA,NA,,NA,NA
"Stock-Based Comp., Unallocated",,,,,,,,,,,,,,,,,,,,,,,,,,,,,,,,,,,NA,NA,NA,NA,NA,42,NA,NA,NA,NA,NA,NA,NA,"3,152",NA,NA,NA,777,NA,NA,NA,746,NA,NA,NA,NA,NA,NA,NA,NA,NA,NA,NA,NA,NA,NA,NA,NA,NA,NA,,NA,NA,NA,NA,NA,NA,NA,NA,NA,NA,NA,NA,NA,NA,NA,NA,754,NA,NA,NA,"39,804",NA,NA,NA,NA,NA,NA,NA,"191,338",NA,NA,NA,,NA,NA
"        Stock-Based Comp., Total",,,,,,,,,,,,,,,,,,,,,,,,,,,,,,,,,,,NA,NA,NA,NA,NA,42,NA,NA,NA,NA,NA,NA,NA,"3,152",NA,NA,NA,777,NA,NA,NA,746,NA,NA,NA,NA,NA,NA,NA,NA,NA,NA,NA,NA,NA,NA,NA,NA,NA,NA,,NA,NA,NA,NA,NA,NA,NA,NA,NA,NA,NA,NA,NA,NA,NA,NA,754,NA,NA,NA,"39,804",NA,NA,NA,NA,NA,NA,NA,"191,338",NA,NA,NA,,NA,NA
CIQ Restatement Type Code,NA,NA,NA,NA,NA,NA,NA,NA,NA,NA,NA,NA,NA,NA,NA,NA,RS,O,O,O,NC,NC,NC,NC,NC,NC,NC,NC,NC,NC,NC,NC,NC,NC,NC,NC,NC,NC,NC,NC,RD,RD,RD,RD,RD,RC,NC,RS,RC,NC,NC,NC,NC,NC,NC,RC,NC,NC,NC,RC,RC,NC,NC,RC,NC,NC,NC,NC,NC,NC,NC,RS,RC,NC,NC,RC,RC,NC,NC,O,RD,RD,RD,RC,NC,RC,NC,RC,RS,RD,RD,RD,RD,NC,NC,RC,RC,RC,RC,RC,NC,NC,NC,RC,NC,RD,NC,,O,O
CIQ Calculation Type Code,NA,NA,NA,NA,NA,NA,NA,NA,NA,NA,NA,NA,NA,NA,NA,NA,RSQ,REP,REP,Q4,REP,REP,REP,Q4,REP,REP,REP,Q4,REP,REP,REP,Q4,REP,REP,REP,Q4,REP,REP,REP,Q4,RSQ,REP,REP,Q4,REP,REP,REP,Q4,REP,REP,REP,Q4,REP,REP,REP,Q4,REP,REP,REP,Q4,REP,REP,REP,Q4,REP,REP,REP,Q4,REP,REP,REP,Q4,REP,REP,REP,Q4,REP,REP,REP,Q4,REP,REP,REP,Q4,REP,REP,REP,Q4,RSQ,REP,REP,Q4,REP,REP,REP,Q4,REP,REP,REP,Q4,REP,REP,REP,Q4,REP,REP,RUP,,REP,REP
Stock Based Compensation ($000),,,,,,,,,,,,,,,,,,,,,,,,,,,,,,,,,,,,,,,,,,,,,,,,,,,,,,,,,,,,,,,,,,,,,,,,,,,,,,,,,,,,,,,,,,,,,,,,,,,,,,,,,,,,,,
"Stock Options Comp. Exp., Before Tax",,,,,,,,,,,,,,,,,,,,,,,,,,,,,,,,,,,NA,NA,NA,NA,NA,42,NA,NA,NA,NA,NA,NA,NA,"3,152",NA,NA,NA,NA,NA,NA,NA,NA,NA,NA,NA,NA,NA,NA,NA,NA,NA,NA,NA,NA,NA,NA,NA,NA,NA,NA,,,,,,,,,,,,,,,,,,,,,,,,,,,,,,,,,,,,
"Stock Based Comp. Exp., Before Tax",,,,,,,,,,,,,,,,,,,,,,,,,,,,,,,,,,,NA,NA,NA,NA,NA,42,NA,NA,NA,NA,NA,NA,NA,"3,152",NA,NA,NA,777,NA,NA,NA,746,NA,NA,NA,NA,NA,NA,NA,NA,NA,NA,NA,NA,NA,NA,NA,NA,NA,NA,,NA,NA,NA,NA,NA,NA,NA,NA,NA,NA,NA,NA,NA,NA,NA,NA,754,NA,NA,NA,"39,804",NA,NA,NA,NA,NA,NA,NA,"191,338",NA,NA,NA,,NA,NA
,,,,,,,,,,,,,,,,,,,,,,,,,,,,,,,,,,,,,,,,,,,,,,,,,,,,,,,,,,,,,,,,,,,,,,,,,,,,,,,,,,,,,,,,,,,,,,,,,,,,,,,,,,,,,,
,,,,,,,,,,,,,,,,,,,,,,,,,,,,,,,,,,,,,,,,,,,,,,,,,,,,,,,,,,,,,,,,,,,,,,,,,,,,,,,,,,,,,,,,,,,,,,,,,,,,,,,,,,,,,,
,,,,,,,,,,,,,,,,,,,,,,,,,,,,,,,,,,,,,,,,,,,,,,,,,,,,,,,,,,,,,,,,,,,,,,,,,,,,,,,,,,,,,,,,,,,,,,,,,,,,,,,,,,,,,,
